{"cameraMode":{"drawMode":0,"name":"Shaded","section":"Shading Mode"},"sceneLighting":true,"audioPlay":false,"sceneViewState":{"m_AlwaysRefresh":false,"showFog":true,"showSkybox":true,"showFlares":true,"showImageEffects":true,"showParticleSystems":true,"showVisualEffectGraphs":true,"m_FxEnabled":true},"in2DMode":false,"pivot":{"x":38.429100036621097,"y":2.701000213623047,"z":38.939998626708987},"rotation":{"x":-0.31988292932510378,"y":-0.1562158763408661,"z":0.05356208607554436,"w":-0.9329548478126526},"size":0.8660253882408142,"orthographic":false}