{"cameraMode":{"drawMode":0,"name":"Shaded","section":"Shading Mode"},"sceneLighting":true,"audioPlay":false,"sceneViewState":{"m_AlwaysRefresh":false,"showFog":true,"showSkybox":true,"showFlares":true,"showImageEffects":true,"showParticleSystems":true,"showVisualEffectGraphs":true,"m_FxEnabled":true},"in2DMode":false,"pivot":{"x":703.3323974609375,"y":55.68505096435547,"z":416.81549072265627},"rotation":{"x":0.22171951830387116,"y":-0.7031491994857788,"z":0.24826329946517945,"w":0.6284220218658447},"size":19.135828018188478,"orthographic":false}