{"cameraMode":{"drawMode":0,"name":"Shaded","section":"Shading Mode"},"sceneLighting":true,"audioPlay":false,"sceneViewState":{"m_AlwaysRefresh":false,"showFog":true,"showSkybox":true,"showFlares":true,"showImageEffects":true,"showParticleSystems":true,"showVisualEffectGraphs":true,"m_FxEnabled":true},"in2DMode":false,"pivot":{"x":37.95122528076172,"y":2.1692628860473635,"z":42.92470169067383},"rotation":{"x":0.15232044458389283,"y":0.15350446105003358,"z":-0.023955535143613817,"w":0.9760463833808899},"size":2.926867723464966,"orthographic":false}